{"cameraMode":{"drawMode":0,"name":"Shaded","section":"Shading Mode"},"sceneLighting":false,"audioPlay":false,"sceneViewState":{"m_AlwaysRefresh":false,"showFog":true,"showSkybox":true,"showFlares":true,"showImageEffects":true,"showParticleSystems":true,"showVisualEffectGraphs":true,"m_FxEnabled":true},"in2DMode":false,"pivot":{"x":-2.761103630065918,"y":0.9222912788391113,"z":14.640146255493164},"rotation":{"x":-0.08868031203746796,"y":0.017028722912073137,"z":-0.0015160382026806474,"w":-0.9959173202514648},"size":14.107315063476563,"orthographic":false}