{"cameraMode":{"drawMode":0,"name":"Shaded","section":"Shading Mode"},"sceneLighting":true,"audioPlay":false,"sceneViewState":{"m_AlwaysRefresh":false,"showFog":true,"showSkybox":true,"showFlares":true,"showImageEffects":true,"showParticleSystems":true,"showVisualEffectGraphs":true,"m_FxEnabled":true},"in2DMode":false,"pivot":{"x":1191.64404296875,"y":555.802001953125,"z":33.29832458496094},"rotation":{"x":-0.0056898631155490879,"y":-0.016503429040312768,"z":-0.00010033375292550772,"w":0.999866783618927},"size":873.5966186523438,"orthographic":false}