{"cameraMode":{"drawMode":0,"name":"Shaded","section":"Shading Mode"},"sceneLighting":true,"audioPlay":false,"sceneViewState":{"m_AlwaysRefresh":false,"showFog":true,"showSkybox":true,"showFlares":true,"showImageEffects":true,"showParticleSystems":true,"showVisualEffectGraphs":true,"m_FxEnabled":true},"in2DMode":false,"pivot":{"x":516.8575439453125,"y":514.7276611328125,"z":5.904266357421875},"rotation":{"x":0.015306384302675724,"y":0.019492093473672868,"z":-0.0002977046533487737,"w":0.9997005462646484},"size":427.20489501953127,"orthographic":false}